Station Name,Station Name (File),Climate Division,Latitude,Longitude,Avg T-Max,Avg T-Min,T-Avg,T-Avg DFN,Highest T-Max,Lowest T-Min,HDD,HDD DFN,CDD,CDD DFN,Total P,Normal P,P-DFN,1-Day Max,P-Max Date,P-Days,Missing T-Avg,Missing Total P
ST. FRANCISVILLE 1 NE,ST. FRANCISVILLE 1 NE,LA06,-91.3675,30.7872,79.5,61.0,70.25,-0.2,80.0,58.0,0.0,-1.0,11.0,-0.0,1.85,-999.0,1000.85,1.53,2025-05-07,2.0,0,0
TALISHEEK,TALISHEEK,LA06,-89.87414,30.53241,-999.0,-999.0,-999.0,-999.0,-999.0,-999.0,-999.0,-999.0,-999.0,-999.0,3.42,0.33,3.09,2.92,2025-05-07,2.0,2,0
WAKEFIELD 0.2 E,WAKEFIELD 0.2 E,LA06,-91.34814,30.88888,-999.0,-999.0,-999.0,-999.0,-999.0,-999.0,-999.0,-999.0,-999.0,-999.0,2.09,-999.0,1001.09,1.97,2025-05-07,2.0,2,0
ABBEVILLE,ABBEVILLE,LA07,-92.1169,29.9688,-999.0,-999.0,-999.0,-999.0,-999.0,-999.0,-999.0,-999.0,-999.0,-999.0,4.55,0.3,4.25,3.96,2025-05-07,2.0,2,0
BRANCH 0.4 SSW,BRANCH 0.4 SSW,LA07,-92.26944,30.34362,-999.0,-999.0,-999.0,-999.0,-999.0,-999.0,-999.0,-999.0,-999.0,-999.0,6.7,-999.0,1005.7,6.2,2025-05-07,2.0,2,0
CHURCH POINT 0.7 WSW,CHURCH POINT 0.7 WSW,LA07,-92.2249,30.40099,-999.0,-999.0,-999.0,-999.0,-999.0,-999.0,-999.0,-999.0,-999.0,-999.0,6.66,-999.0,1005.66,5.99,2025-05-07,2.0,2,0
CROWLEY 2 NE,CROWLEY 2 NE,LA07,-92.34759,30.24099,-999.0,-999.0,-999.0,-999.0,-999.0,-999.0,-999.0,-999.0,-999.0,-999.0,6.17,0.39,5.78,5.63,2025-05-07,2.0,2,0
DRY CREEK 8NW,DRY CREEK 8NW,LA07,-93.13875,30.74138,-999.0,-999.0,-999.0,-999.0,-999.0,-999.0,-999.0,-999.0,-999.0,-999.0,6.44,0.32,6.12,6.44,2025-05-07,1.0,2,0
FSA-DE RIDDER 0.9 E,FSA-DE RIDDER 0.9 E,LA07,-93.27662,30.84742,-999.0,-999.0,-999.0,-999.0,-999.0,-999.0,-999.0,-999.0,-999.0,-999.0,7.87,-999.0,1006.87,7.83,2025-05-07,2.0,2,0
IOWA 0.9 ESE,IOWA 0.9 ESE,LA07,-92.99864,30.23225,-999.0,-999.0,-999.0,-999.0,-999.0,-999.0,-999.0,-999.0,-999.0,-999.0,4.57,0.35,4.220000000000001,4.55,2025-05-07,2.0,2,0
JENNINGS,JENNINGS,LA07,-92.6641,30.2002,79.5,65.5,72.5,-0.2,81.0,64.0,0.0,-1.0,15.0,-1.0,6.08,0.37,5.71,5.59,2025-05-07,2.0,0,0
KAPLAN,KAPLAN,LA07,-92.2825,29.9941,-999.0,-999.0,-999.0,-999.0,-999.0,-999.0,-999.0,-999.0,-999.0,-999.0,2.72,0.28,2.4400000000000004,2.2,2025-05-07,2.0,2,0
LAKE ARTHUR 7 SW,LAKE ARTHUR 7 SW,LA07,-92.76808,30.02054,77.0,66.0,71.5,-2.1,77.0,66.0,0.0,-0.0,7.0,-2.0,5.3,0.32,4.9799999999999995,4.92,2025-05-07,2.0,1,0
LAKE CHARLES 2 N,LAKE CHARLES 2 N,LA07,-93.2186,30.2544,-999.0,-999.0,-999.0,-999.0,-999.0,-999.0,-999.0,-999.0,-999.0,-999.0,5.82,0.38,5.44,5.25,2025-05-07,2.0,2,0
LAKE CHARLES PORT,LAKE CHARLES PORT,LA07,-93.2494,30.2141,-999.0,-999.0,-999.0,-999.0,-999.0,-999.0,-999.0,-999.0,-999.0,-999.0,4.5,0.33,4.17,2.4,2025-05-08,2.0,2,0
LAKE CHARLES REGIONAL AP,LAKE CHARLES REGIONAL AP,LA07,-93.22771,30.12551,82.5,63.0,72.75,-1.4,85.0,61.0,0.0,-0.0,16.0,-3.0,1.09,0.34,0.75,1.09,2025-05-07,1.0,0,0
LAKE CHARLES 4.8 SSE,LAKE CHARLES 4.8 SSE,LA07,-93.17644,30.145,-999.0,-999.0,-999.0,-999.0,-999.0,-999.0,-999.0,-999.0,-999.0,-999.0,4.16,-999.0,1003.16,3.59,2025-05-07,2.0,2,0
LELAND BOWMAN LOCK,LELAND BOWMAN LOCK,LA07,-92.20826,29.7869,78.5,65.0,71.75,-0.1,82.0,65.0,0.0,-1.0,14.0,-0.0,6.21,0.29,5.92,6.21,2025-05-07,1.0,0,0
MOSS BLUFF,MOSS BLUFF,LA07,-93.20835,30.29456,-999.0,-999.0,-999.0,-999.0,-999.0,-999.0,-999.0,-999.0,-999.0,-999.0,5.91,0.39,5.5200000000000005,5.37,2025-05-07,2.0,2,0
MOSS BLUFF 2 NNW,MOSS BLUFF 2 NNW,LA07,-93.21504,30.33971,87.0,59.0,73.0,0.4,87.0,59.0,0.0,-0.0,8.0,0.0,5.66,0.38,5.28,5.66,2025-05-07,1.0,1,0
OBERLIN FIRE TOWER,OBERLIN FIRE TOWER,LA07,-92.7739,30.6036,80.5,64.5,72.5,1.05,81.0,62.0,0.0,-1.0,16.0,2.0,4.73,0.34,4.390000000000001,4.73,2025-05-07,1.0,0,0
RAGLEY 5.0 SE,RAGLEY 5.0 SE,LA07,-93.15908,30.4713,-999.0,-999.0,-999.0,-999.0,-999.0,-999.0,-999.0,-999.0,-999.0,-999.0,4.9,0.32,4.58,4.58,2025-05-07,2.0,2,0
RAYNE 1.0 W,RAYNE 1.0 W,LA07,-92.28433,30.2353,-999.0,-999.0,-999.0,-999.0,-999.0,-999.0,-999.0,-999.0,-999.0,-999.0,5.93,-999.0,1004.93,5.45,2025-05-07,2.0,2,0
SULPHUR,SULPHUR,LA07,-93.3447,30.2383,-999.0,-999.0,-999.0,-999.0,-999.0,-999.0,-999.0,-999.0,-999.0,-999.0,0.5,0.33,0.16999999999999998,0.49,2025-05-07,2.0,2,0
SULPHUR 2.2 E,SULPHUR 2.2 E,LA07,-93.32055,30.23394,-999.0,-999.0,-999.0,-999.0,-999.0,-999.0,-999.0,-999.0,-999.0,-999.0,5.97,0.27,5.699999999999999,5.62,2025-05-07,2.0,2,0
BALDWIN 1.8 N,BALDWIN 1.8 N,LA08,-91.55501,29.8591,-999.0,-999.0,-999.0,-999.0,-999.0,-999.0,-999.0,-999.0,-999.0,-999.0,4.09,-999.0,1003.09,-999.0,M,-999.0,2,0
BREAUX BRIDGE 0.7 NNW,BREAUX BRIDGE 0.7 NNW,LA08,-91.90435,30.28786,-999.0,-999.0,-999.0,-999.0,-999.0,-999.0,-999.0,-999.0,-999.0,-999.0,4.55,-999.0,1003.55,4.11,2025-05-07,2.0,2,0
BAYOU SORREL LOCK,BAYOU SORREL LOCK,LA08,-91.3227,30.1327,-999.0,-999.0,-999.0,-999.0,-999.0,-999.0,-999.0,-999.0,-999.0,-999.0,1.95,0.34,1.6099999999999999,1.2,2025-05-07,2.0,2,0
CARENCRO,CARENCRO,LA08,-92.04455,30.32005,-999.0,-999.0,-999.0,-999.0,-999.0,-999.0,-999.0,-999.0,-999.0,-999.0,5.4,0.37,5.03,4.9,2025-05-07,2.0,2,0
CARVILLE 2 SW,CARVILLE 2 SW,LA08,-91.1255,30.198,79.5,65.5,72.5,-0.95,84.0,64.0,0.0,-0.0,15.0,-2.0,1.3,0.34,0.96,1.3,2025-05-07,1.0,0,0
DONALDSONVILLE 4 SW,DONALDSONVILLE 4 SW,LA08,-91.0278,30.0719,78.0,64.0,71.0,-1.95,81.0,62.0,0.0,-1.0,13.0,-3.0,2.28,0.35,1.9299999999999997,1.3,2025-05-07,2.0,0,0
JEANERETTE 5 NW,JEANERETTE 5 NW,LA08,-91.71118,29.95938,78.0,65.0,73.0,0.8,81.0,65.0,0.0,-0.0,8.0,0.0,3.26,0.31,2.9499999999999997,2.65,2025-05-07,2.0,1,0
LAFAYETTE REGIONAL AP,LAFAYETTE REGIONAL AP,LA08,-91.98957,30.19859,80.5,63.5,72.0,-2.5,84.0,62.0,0.0,-0.0,14.0,-5.0,2.6,0.35,2.25,2.6,2025-05-07,1.0,0,0
LAFAYETTE 2.9 ENE,LAFAYETTE 2.9 ENE,LA08,-91.98386,30.22917,-999.0,-999.0,-999.0,-999.0,-999.0,-999.0,-999.0,-999.0,-999.0,-999.0,5.03,-999.0,1004.03,-999.0,M,-999.0,2,0
NEW IBERIA AIRPORT - ACADIANA REGIONAL,NEW IBERIA AIRPORT - ACADIANA REGIONAL,LA08,-91.88456,30.02916,81.0,62.0,71.5,-2.55,85.0,60.0,0.0,-0.0,14.0,-4.0,2.8,0.26,2.54,2.8,2025-05-07,1.0,0,0
PLAQUEMINE 2 N,PLAQUEMINE 2 N,LA08,-91.2517,30.3214,-999.0,-999.0,-999.0,-999.0,-999.0,-999.0,-999.0,-999.0,-999.0,-999.0,3.05,0.41,2.6399999999999997,2.4,2025-05-07,2.0,2,0
ST. GABRIEL 2.8 NNW,ST. GABRIEL 2.8 NNW,LA08,-91.11847,30.3097,-999.0,-999.0,-999.0,-999.0,-999.0,-999.0,-999.0,-999.0,-999.0,-999.0,3.8,-999.0,1002.8,3.35,2025-05-07,2.0,2,0
ST. MARTINVILLE 0.2 S,ST. MARTINVILLE 0.2 S,LA08,-91.83098,30.12212,-999.0,-999.0,-999.0,-999.0,-999.0,-999.0,-999.0,-999.0,-999.0,-999.0,3.73,0.27,3.46,3.27,2025-05-07,2.0,2,0
BELLE CHASSE 1.6 NNE,BELLE CHASSE 1.6 NNE,LA09,-89.99298,29.86741,-999.0,-999.0,-999.0,-999.0,-999.0,-999.0,-999.0,-999.0,-999.0,-999.0,1.83,-999.0,1000.83,1.51,2025-05-08,2.0,2,0
CHALMETTE,CHALMETTE,LA09,-89.95072,29.94318,79.5,66.5,73.0,-1.95,80.0,64.0,0.0,0.0,17.0,-3.0,3.54,0.44,3.1,2.66,2025-05-08,2.0,0,0
CUT OFF 0.8 WNW,CUT OFF 0.8 WNW,LA09,-90.34724,29.5319,-999.0,-999.0,-999.0,-999.0,-999.0,-999.0,-999.0,-999.0,-999.0,-999.0,0.6,-999.0,999.6,0.6,2025-05-08,1.0,2,1
DULAC 3N,DULAC 3N,LA09,-90.7011,29.4336,-999.0,-999.0,-999.0,-999.0,-999.0,-999.0,-999.0,-999.0,-999.0,-999.0,0.9,0.54,0.36,0.9,2025-05-08,1.0,2,0
DUTCHTOWN #2,DUTCHTOWN #2,LA09,-90.9872,30.2508,-999.0,-999.0,-999.0,-999.0,-999.0,-999.0,-999.0,-999.0,-999.0,-999.0,2.37,0.45,1.9200000000000002,1.8,2025-05-07,2.0,2,0
GONZALES,GONZALES,LA09,-90.9225,30.2033,-999.0,-999.0,-999.0,-999.0,-999.0,-999.0,-999.0,-999.0,-999.0,-999.0,2.75,0.39,2.36,2.0,2025-05-07,2.0,2,0
HOUMA 4.1 NNE,HOUMA 4.1 NNE,LA09,-90.67559,29.63165,-999.0,-999.0,-999.0,-999.0,-999.0,-999.0,-999.0,-999.0,-999.0,-999.0,1.67,-999.0,1000.67,1.67,2025-05-08,1.0,2,0
NEW ORLEANS AP,NEW ORLEANS AP,LA09,-90.27772,29.99755,81.0,67.5,74.25,-1.0,86.0,66.0,0.0,-0.0,19.0,-2.0,1.64,0.37,1.27,1.64,2025-05-07,1.0,0,0
NEW ORLEANS LAKEFRONT AP,NEW ORLEANS LAKEFRONT AP,LA09,-90.02899,30.04934,80.5,68.0,74.25,-1.55,85.0,67.0,0.0,0.0,19.0,-3.0,2.21,0.31,1.9,2.21,2025-05-07,1.0,0,0
NEW ORLEANS 2.8 E,NEW ORLEANS 2.8 E,LA09,-90.02538,29.9448,-999.0,-999.0,-999.0,-999.0,-999.0,-999.0,-999.0,-999.0,-999.0,-999.0,3.27,-999.0,1002.27,2.4,2025-05-08,2.0,2,0
NEW ORLEANS AUDUBON,NEW ORLEANS AUDUBON,LA09,-90.1302,29.9166,80.5,69.5,75.0,-1.7,82.0,69.0,0.0,0.0,20.0,-3.0,3.14,0.35,2.79,2.66,2025-05-08,2.0,0,0
METAIRIE 2.8 ENE,METAIRIE 2.8 ENE,LA09,-90.13431,30.01422,-999.0,-999.0,-999.0,-999.0,-999.0,-999.0,-999.0,-999.0,-999.0,-999.0,3.81,-999.0,1002.81,2.02,2025-05-07,2.0,2,0
RACELAND 2.1 WSW,RACELAND 2.1 WSW,LA09,-90.62615,29.70196,-999.0,-999.0,-999.0,-999.0,-999.0,-999.0,-999.0,-999.0,-999.0,-999.0,2.16,-999.0,1001.16,2.16,2025-05-08,1.0,2,0
RIVER RIDGE 0.7 N,RIVER RIDGE 0.7 N,LA09,-90.21775,29.96887,-999.0,-999.0,-999.0,-999.0,-999.0,-999.0,-999.0,-999.0,-999.0,-999.0,-999.0,-999.0,0.0,-999.0,M,-999.0,2,2
ST AMANT 3.3 N,ST AMANT 3.3 N,LA09,-90.87,30.27167,-999.0,-999.0,-999.0,-999.0,-999.0,-999.0,-999.0,-999.0,-999.0,-999.0,-999.0,-999.0,0.0,-999.0,M,-999.0,2,2
ST. BERNARD 2.7 E,ST. BERNARD 2.7 E,LA09,-89.814,29.86914,-999.0,-999.0,-999.0,-999.0,-999.0,-999.0,-999.0,-999.0,-999.0,-999.0,-999.0,-999.0,0.0,-999.0,M,-999.0,2,2
ST ROSE 0.3 W,ST ROSE 0.3 W,LA09,-90.32003,29.95781,-999.0,-999.0,-999.0,-999.0,-999.0,-999.0,-999.0,-999.0,-999.0,-999.0,5.32,-999.0,1004.32,3.82,2025-05-08,2.0,2,0
THIBODAUX 4 SE,THIBODAUX 4 SE,LA09,-90.7748,29.7547,78.5,65.0,71.75,-2.95,82.0,62.0,0.0,-0.0,14.0,-6.0,2.07,0.38,1.69,2.01,2025-05-08,2.0,0,0
WESTWEGO 2.4 ENE,WESTWEGO 2.4 ENE,LA09,-90.10705,29.92085,-999.0,-999.0,-999.0,-999.0,-999.0,-999.0,-999.0,-999.0,-999.0,-999.0,2.04,-999.0,1001.04,2.04,2025-05-07,1.0,2,0
BLANCHARD,BLANCHARD,LA01,-93.93466,32.5676,73.5,58.5,66.0,-999.0,81.0,56.0,1.0,-999.0,4.0,-999.0,1.9,-999.0,1000.9,1.9,2025-05-07,1.0,0,0
BOSSIER CITY 4.0 S,BOSSIER CITY 4.0 S,LA01,-93.65634,32.46084,-999.0,-999.0,-999.0,-999.0,-999.0,-999.0,-999.0,-999.0,-999.0,-999.0,1.31,-999.0,1000.31,1.31,2025-05-07,1.0,2,0
CONVERSE 7.8 NNW,CONVERSE 7.8 NNW,LA01,-93.76898,31.87679,-999.0,-999.0,-999.0,-999.0,-999.0,-999.0,-999.0,-999.0,-999.0,-999.0,1.73,-999.0,1000.73,1.73,2025-05-07,1.0,2,0
COUSHATTA 4.3 ENE,COUSHATTA 4.3 ENE,LA01,-93.27869,32.05728,-999.0,-999.0,-999.0,-999.0,-999.0,-999.0,-999.0,-999.0,-999.0,-999.0,2.79,-999.0,1001.79,2.79,2025-05-07,1.0,2,0
KEITHVILLE,KEITHVILLE,LA01,-93.8619,32.355,-999.0,-999.0,-999.0,-999.0,-999.0,-999.0,-999.0,-999.0,-999.0,-999.0,1.6,0.33,1.27,1.6,2025-05-07,1.0,2,0
LOGANSPORT,LOGANSPORT,LA01,-94.0002,31.9672,-999.0,-999.0,-999.0,-999.0,-999.0,-999.0,-999.0,-999.0,-999.0,-999.0,0.0,0.31,-0.31,-999.0,M,-999.0,2,0
MOORINGSPORT 1 N,MOORINGSPORT 1 N,LA01,-93.9602,32.7052,-999.0,-999.0,-999.0,-999.0,-999.0,-999.0,-999.0,-999.0,-999.0,-999.0,-999.0,0.28,-999.28,-999.0,M,-999.0,2,2
PLAIN DEALING,PLAIN DEALING,LA01,-93.645,32.8921,-999.0,-999.0,-999.0,-999.0,-999.0,-999.0,-999.0,-999.0,-999.0,-999.0,1.4,0.33,1.0699999999999998,1.4,2025-05-07,1.0,2,0
RED RIVER RESEARCH STATION,RED RIVER RESEARCH STATION,LA01,-93.638,32.4219,78.0,60.5,69.25,-1.8,79.0,59.0,0.0,-1.0,9.0,-4.0,1.38,0.34,1.0399999999999998,1.38,2025-05-07,1.0,0,0
SHREVEPORT DOWNTOWN AP,SHREVEPORT DOWNTOWN AP,LA01,-93.74616,32.53984,83.0,63.5,73.25,0.4,84.0,62.0,0.0,-1.0,17.0,1.0,0.06,0.26,-0.2,0.06,2025-05-07,1.0,0,0
SHREVEPORT AP,SHREVEPORT AP,LA01,-93.8244,32.4473,86.0,65.5,75.75,4.2,87.0,63.0,0.0,-1.0,22.0,8.0,0.02,0.3,-0.27999999999999997,0.02,2025-05-07,1.0,0,0
SHREVEPORT WFO,SHREVEPORT WFO,LA01,-93.8416,32.4513,81.5,62.5,72.0,1.85,83.0,61.0,0.0,-1.0,14.0,2.0,0.03,0.31,-0.28,0.03,2025-05-07,1.0,0,0
SHREVEPORT SOUTHERN HILLS,SHREVEPORT SOUTHERN HILLS,LA01,-93.8019,32.3795,75.0,61.0,68.0,-1.65,81.0,59.0,0.0,-2.0,6.0,-5.0,1.67,0.33,1.3399999999999999,1.64,2025-05-07,2.0,0,0
SPRINGHILL,SPRINGHILL,LA01,-93.4418,32.9922,-999.0,-999.0,-999.0,-999.0,-999.0,-999.0,-999.0,-999.0,-999.0,-999.0,0.0,0.33,-0.33,0.0,2025-05-08,0.0,2,0
STONEWALL 5.3 NE,STONEWALL 5.3 NE,LA01,-93.75777,32.32172,-999.0,-999.0,-999.0,-999.0,-999.0,-999.0,-999.0,-999.0,-999.0,-999.0,1.73,-999.0,1000.73,1.69,2025-05-07,2.0,2,0
TAYLORTOWN,TAYLORTOWN,LA01,-93.56884,32.39725,-999.0,-999.0,-999.0,-999.0,-999.0,-999.0,-999.0,-999.0,-999.0,-999.0,1.84,-999.0,1000.84,1.84,2025-05-07,1.0,2,0
ARCADIA,ARCADIA,LA02,-92.9186,32.5511,-999.0,-999.0,-999.0,-999.0,-999.0,-999.0,-999.0,-999.0,-999.0,-999.0,2.12,0.31,1.81,2.12,2025-05-07,1.0,2,0
BIENVILLE 3 NE,BIENVILLE 3 NE,LA02,-92.9433,32.3744,81.5,63.0,72.25,2.2,83.0,62.0,0.0,-2.0,15.0,3.0,0.02,0.36,-0.33999999999999997,0.02,2025-05-07,1.0,0,0
CALHOUN 4.3 SSE,CALHOUN 4.3 SSE,LA02,-92.34389,32.45183,-999.0,-999.0,-999.0,-999.0,-999.0,-999.0,-999.0,-999.0,-999.0,-999.0,2.35,0.37,1.98,2.35,2025-05-07,1.0,2,0
CARLTON 1.7 E,CARLTON 1.7 E,LA02,-92.3314,32.5407,-999.0,-999.0,-999.0,-999.0,-999.0,-999.0,-999.0,-999.0,-999.0,-999.0,3.05,-999.0,1002.05,3.05,2025-05-07,1.0,2,0
COLUMBIA LOCK,COLUMBIA LOCK,LA02,-92.10769,32.1673,77.5,62.0,69.75,-1.1,81.0,62.0,0.0,-1.0,10.0,-3.0,2.78,0.33,2.4499999999999997,2.78,2025-05-07,1.0,0,0
HOMER 1N,HOMER 1N,LA02,-93.0626,32.81,72.5,59.0,65.75,-2.2,79.0,56.0,1.0,-2.0,3.0,-6.0,1.79,0.36,1.4300000000000002,1.78,2025-05-07,2.0,0,0
JAMESTOWN,JAMESTOWN,LA01,-93.20137,32.34837,-999.0,-999.0,-999.0,-999.0,-999.0,-999.0,-999.0,-999.0,-999.0,-999.0,2.15,0.32,1.8299999999999998,2.11,2025-05-07,2.0,2,0
JONESBORO 3.8 ESE,JONESBORO 3.8 ESE,LA02,-92.6512,32.2147,-999.0,-999.0,-999.0,-999.0,-999.0,-999.0,-999.0,-999.0,-999.0,-999.0,2.47,-999.0,1001.47,2.47,2025-05-07,1.0,2,0
MONROE REGIONAL AP,MONROE REGIONAL AP,LA02,-92.02995,32.51552,83.5,65.0,74.25,2.9,86.0,64.0,0.0,-1.0,19.0,5.0,0.0,0.3,-0.3,0.0,2025-05-07,0.0,0,0
MONROE 26 N,MONROE 26 N,LA02,-92.1165,32.8833,81.5,62.0,71.75,3.0,83.0,61.0,0.0,-2.0,14.0,4.0,0.0,0.35,-0.35,0.0,2025-05-08,0.0,0,0
QUITMAN 2.5 E,QUITMAN 2.5 E,LA02,-92.67938,32.34416,-999.0,-999.0,-999.0,-999.0,-999.0,-999.0,-999.0,-999.0,-999.0,-999.0,3.05,-999.0,1002.05,3.05,2025-05-07,1.0,2,0
RINGGOLD 3.3 ESE,RINGGOLD 3.3 ESE,LA02,-93.2371,32.29958,-999.0,-999.0,-999.0,-999.0,-999.0,-999.0,-999.0,-999.0,-999.0,-999.0,2.1,-999.0,1001.1,2.1,2025-05-07,1.0,2,0
ROCKY BRANCH 1.3 W,ROCKY BRANCH 1.3 W,LA02,-92.22363,32.68049,-999.0,-999.0,-999.0,-999.0,-999.0,-999.0,-999.0,-999.0,-999.0,-999.0,2.4,-999.0,1001.4,2.4,2025-05-07,1.0,2,0
RUSTON 5.4 ENE,RUSTON 5.4 ENE,LA02,-92.5517,32.55738,-999.0,-999.0,-999.0,-999.0,-999.0,-999.0,-999.0,-999.0,-999.0,-999.0,2.77,-999.0,1001.77,2.77,2025-05-07,1.0,2,0
RUSTON 5.5 NNW,RUSTON 5.5 NNW,LA02,-92.66288,32.6093,-999.0,-999.0,-999.0,-999.0,-999.0,-999.0,-999.0,-999.0,-999.0,-999.0,3.02,0.32,2.7,3.02,2025-05-07,1.0,2,0
SIKES 1.0 SW,SIKES 1.0 SW,LA02,-92.49981,32.0702,-999.0,-999.0,-999.0,-999.0,-999.0,-999.0,-999.0,-999.0,-999.0,-999.0,3.01,-999.0,1002.01,3.01,2025-05-07,1.0,2,0
WEST MONROE,WEST MONROE,LA02,-92.1483,32.46,-999.0,-999.0,-999.0,-999.0,-999.0,-999.0,-999.0,-999.0,-999.0,-999.0,2.0,0.29,1.71,2.0,2025-05-07,1.0,2,0
FSA-OAK GROVE 0.2 S,FSA-OAK GROVE 0.2 S,LA03,-91.39059,32.85932,-999.0,-999.0,-999.0,-999.0,-999.0,-999.0,-999.0,-999.0,-999.0,-999.0,1.9,-999.0,1000.9,1.9,2025-05-07,1.0,2,0
FSA-ST. JOSEPH 0.5 NNW,FSA-ST. JOSEPH 0.5 NNW,LA03,-91.24381,31.92607,-999.0,-999.0,-999.0,-999.0,-999.0,-999.0,-999.0,-999.0,-999.0,-999.0,3.02,-999.0,1002.02,3.02,2025-05-07,1.0,2,0
FSA-TALLULAH 1.7 SSE,FSA-TALLULAH 1.7 SSE,LA03,-91.17996,32.3838,-999.0,-999.0,-999.0,-999.0,-999.0,-999.0,-999.0,-999.0,-999.0,-999.0,2.91,-999.0,1001.91,2.91,2025-05-07,1.0,2,0
OAK GROVE,OAK GROVE,LA03,-91.38,32.8641,-999.0,-999.0,-999.0,-999.0,-999.0,-999.0,-999.0,-999.0,-999.0,-999.0,1.94,0.31,1.63,1.94,2025-05-07,1.0,2,0
OAK GROVE 1.9 E,OAK GROVE 1.9 E,LA03,-91.358,32.8626,-999.0,-999.0,-999.0,-999.0,-999.0,-999.0,-999.0,-999.0,-999.0,-999.0,1.8,-999.0,1000.8,1.79,2025-05-07,2.0,2,0
PIONEER 0.3 WSW,PIONEER 0.3 WSW,LA03,-91.43932,32.73773,-999.0,-999.0,-999.0,-999.0,-999.0,-999.0,-999.0,-999.0,-999.0,-999.0,1.71,-999.0,1000.71,1.71,2025-05-07,1.0,2,0
TALLULAH VICKSBURG REGIONAL AP,TALLULAH VICKSBURG REGIONAL AP,LA03,-91.02994,32.34808,82.0,61.5,71.75,0.2,85.0,60.0,0.0,-1.0,14.0,-0.0,0.03,0.26,-0.23,0.03,2025-05-07,1.0,0,0
WINNSBORO 5 SSE,WINNSBORO 5 SSE,LA03,-91.7022,32.0997,78.5,61.0,69.75,-2.2,80.0,60.0,0.0,-1.0,10.0,-5.0,2.7,0.32,2.3800000000000003,2.7,2025-05-07,1.0,0,0
ANACOCO 3.0 SW,ANACOCO 3.0 SW,LA04,-93.38322,31.22742,-999.0,-999.0,-999.0,-999.0,-999.0,-999.0,-999.0,-999.0,-999.0,-999.0,1.96,-999.0,1000.96,1.96,2025-05-07,1.0,2,0
CAMPTI 0.6 SW,CAMPTI 0.6 SW,LA04,-93.12088,31.89139,-999.0,-999.0,-999.0,-999.0,-999.0,-999.0,-999.0,-999.0,-999.0,-999.0,1.68,-999.0,1000.68,1.67,2025-05-07,2.0,2,0
CAMPTI 5.7 ENE,CAMPTI 5.7 ENE,LA04,-93.02767,31.93305,-999.0,-999.0,-999.0,-999.0,-999.0,-999.0,-999.0,-999.0,-999.0,-999.0,2.11,-999.0,1001.11,2.11,2025-05-07,1.0,2,0
GOLDONNA 1.5 N,GOLDONNA 1.5 N,LA04,-92.91079,32.04196,-999.0,-999.0,-999.0,-999.0,-999.0,-999.0,-999.0,-999.0,-999.0,-999.0,2.64,-999.0,1001.64,2.64,2025-05-07,1.0,2,0
HORNBECK 2.3 NE,HORNBECK 2.3 NE,LA04,-93.37122,31.35177,-999.0,-999.0,-999.0,-999.0,-999.0,-999.0,-999.0,-999.0,-999.0,-999.0,2.93,-999.0,1001.93,2.93,2025-05-07,1.0,2,0
LEESVILLE,LEESVILLE,LA04,-93.2397,31.1416,81.5,61.0,71.25,0.0,84.0,57.0,0.0,-1.0,13.0,-1.0,2.22,0.29,1.9300000000000002,2.22,2025-05-07,1.0,0,0
LEESVILLE 7.1 SSW,LEESVILLE 7.1 SSW,LA04,-93.31178,31.03936,-999.0,-999.0,-999.0,-999.0,-999.0,-999.0,-999.0,-999.0,-999.0,-999.0,3.42,-999.0,1002.42,3.42,2025-05-07,1.0,2,0
MANY 9 WSW,MANY 9 WSW,LA04,-93.6199,31.5119,-999.0,-999.0,-999.0,-999.0,-999.0,-999.0,-999.0,-999.0,-999.0,-999.0,2.68,0.29,2.39,2.64,2025-05-07,2.0,2,0
NATCHITOCHES #2,NATCHITOCHES #2,LA04,-93.0856,31.8142,81.5,62.5,72.0,0.45,86.0,62.0,0.0,-1.0,15.0,1.0,2.24,0.26,1.9800000000000002,2.24,2025-05-07,1.0,0,0
NOBLE 1.8 ESE,NOBLE 1.8 ESE,LA04,-93.65532,31.67984,-999.0,-999.0,-999.0,-999.0,-999.0,-999.0,-999.0,-999.0,-999.0,-999.0,1.72,-999.0,1000.72,1.69,2025-05-07,2.0,2,0
PITKIN 6.6 WNW,PITKIN 6.6 WNW,LA04,-93.04047,30.97118,-999.0,-999.0,-999.0,-999.0,-999.0,-999.0,-999.0,-999.0,-999.0,-999.0,3.52,-999.0,1002.52,3.5,2025-05-07,2.0,2,0
PLEASANT HILL 10.2 SE,PLEASANT HILL 10.2 SE,LA04,-93.40701,31.70143,-999.0,-999.0,-999.0,-999.0,-999.0,-999.0,-999.0,-999.0,-999.0,-999.0,1.8,0.37,1.4300000000000002,1.77,2025-05-07,2.0,2,0
TOLEDO BEND LAKE,TOLEDO BEND LAKE,LA04,-93.5726,31.2021,81.0,55.0,68.0,-2.95,82.0,55.0,0.0,-1.0,7.0,-6.0,4.01,0.26,3.75,4.0,2025-05-07,2.0,0,0
ALEXANDRIA,ALEXANDRIA,LA05,-92.4611,31.3205,80.0,58.0,69.0,-2.35,80.0,57.0,0.0,-1.0,9.0,-5.0,2.0,0.31,1.69,2.0,2025-05-07,1.0,0,0
ALEXANDRIA 5 SSE,ALEXANDRIA 5 SSE,LA05,-92.44849,31.24838,78.0,63.5,70.75,-1.2,79.0,61.0,0.0,-1.0,12.0,-3.0,3.95,0.29,3.66,3.95,2025-05-07,1.0,0,0
ALEXANDRIA ESLER FIELD,ALEXANDRIA ESLER FIELD,LA05,-92.28278,31.3963,83.0,59.0,71.0,0.05,86.0,57.0,0.0,-1.0,13.0,-0.0,0.03,0.27,-0.24000000000000002,0.03,2025-05-07,1.0,0,0
ARNAUDVILLE 4.7 NW,ARNAUDVILLE 4.7 NW,LA05,-91.9782,30.4561,-999.0,-999.0,-999.0,-999.0,-999.0,-999.0,-999.0,-999.0,-999.0,-999.0,5.86,-999.0,1004.86,5.31,2025-05-07,2.0,2,0
BEAVER FIRE TOWER,BEAVER FIRE TOWER,LA05,-92.49707,30.7904,-999.0,-999.0,-999.0,-999.0,-999.0,-999.0,-999.0,-999.0,-999.0,-999.0,3.74,0.32,3.4200000000000004,3.74,2025-05-07,1.0,2,0
BOYCE 3 WNW,BOYCE 3 WNW,LA05,-92.71665,31.39511,79.5,61.5,70.5,0.25,82.0,61.0,0.0,-1.0,12.0,0.0,0.01,0.27,-0.26,0.01,2025-05-07,1.0,0,0
BUNKIE,BUNKIE,LA05,-92.1786,30.9594,79.0,62.5,70.75,-2.05,79.0,60.0,0.0,-1.0,12.0,-4.0,3.61,0.35,3.26,3.45,2025-05-07,2.0,0,0
COLFAX 7.2 NW,COLFAX 7.2 NW,LA05,-92.78374,31.5989,-999.0,-999.0,-999.0,-999.0,-999.0,-999.0,-999.0,-999.0,-999.0,-999.0,2.6,-999.0,1001.6,2.6,2025-05-07,1.0,2,0
EUNICE 7.1 NW,EUNICE 7.1 NW,LA05,-92.4977,30.568,-999.0,-999.0,-999.0,-999.0,-999.0,-999.0,-999.0,-999.0,-999.0,-999.0,4.9,-999.0,1003.9,4.9,2025-05-07,1.0,2,0
FSA-FERRIDAY 1.0 WSW,FSA-FERRIDAY 1.0 WSW,LA05,-91.57052,31.62955,-999.0,-999.0,-999.0,-999.0,-999.0,-999.0,-999.0,-999.0,-999.0,-999.0,5.21,-999.0,1004.21,5.21,2025-05-07,1.0,2,0
FSA-OPELOUSAS 1.0 ESE,FSA-OPELOUSAS 1.0 ESE,LA05,-92.06701,30.52184,-999.0,-999.0,-999.0,-999.0,-999.0,-999.0,-999.0,-999.0,-999.0,-999.0,0.32,-999.0,999.32,0.32,2025-05-08,1.0,2,1
GRAND COTEAU 2.7 E,GRAND COTEAU 2.7 E,LA05,-91.99863,30.4197,-999.0,-999.0,-999.0,-999.0,-999.0,-999.0,-999.0,-999.0,-999.0,-999.0,6.64,0.37,6.27,6.05,2025-05-07,2.0,2,0
HESSMER 2.5 WSW,HESSMER 2.5 WSW,LA05,-92.16186,31.04516,-999.0,-999.0,-999.0,-999.0,-999.0,-999.0,-999.0,-999.0,-999.0,-999.0,4.6,-999.0,1003.6,4.54,2025-05-07,2.0,2,0
JENA,JENA,LA05,-92.1288,31.6782,-999.0,-999.0,-999.0,-999.0,-999.0,-999.0,-999.0,-999.0,-999.0,-999.0,-999.0,0.3,-999.3,-999.0,M,-999.0,2,2
JONESVILLE LOCKS,JONESVILLE LOCKS,LA05,-91.8627,31.4825,83.0,60.5,71.75,1.3,85.0,60.0,0.0,-1.0,14.0,2.0,5.36,0.33,5.03,5.36,2025-05-07,1.0,0,0
MARKSVILLE,MARKSVILLE,LA05,-92.06449,31.12848,-999.0,-999.0,-999.0,-999.0,-999.0,-999.0,-999.0,-999.0,-999.0,-999.0,3.97,0.32,3.6500000000000004,3.97,2025-05-07,1.0,2,0
PINEVILLE 0.4 NNW,PINEVILLE 0.4 NNW,LA05,-92.41835,31.3363,-999.0,-999.0,-999.0,-999.0,-999.0,-999.0,-999.0,-999.0,-999.0,-999.0,2.0,-999.0,1001.0,1.99,2025-05-07,2.0,2,0
RED RIVER LOCK #1,RED RIVER LOCK #1,LA05,-91.95989,31.25443,-999.0,-999.0,-999.0,-999.0,-999.0,-999.0,-999.0,-999.0,-999.0,-999.0,4.5,0.3,4.2,4.5,2025-05-07,1.0,2,0
RED RIVER LOCK # 2,RED RIVER LOCK # 2,LA05,-92.2905,31.1872,-999.0,-999.0,-999.0,-999.0,-999.0,-999.0,-999.0,-999.0,-999.0,-999.0,3.75,0.3,3.45,3.75,2025-05-07,1.0,2,0
TROUT 4.4 WSW,TROUT 4.4 WSW,LA05,-92.2555,31.67579,-999.0,-999.0,-999.0,-999.0,-999.0,-999.0,-999.0,-999.0,-999.0,-999.0,3.14,-999.0,1002.14,3.14,2025-05-07,1.0,2,0
VILLE PLATTE,VILLE PLATTE,LA05,-92.2665,30.6951,-999.0,-999.0,-999.0,-999.0,-999.0,-999.0,-999.0,-999.0,-999.0,-999.0,4.85,0.38,4.47,4.5,2025-05-07,2.0,2,0
BAKER,BAKER,LA06,-91.1633,30.5669,-999.0,-999.0,-999.0,-999.0,-999.0,-999.0,-999.0,-999.0,-999.0,-999.0,2.0,0.42,1.58,2.0,2025-05-07,1.0,2,0
BATON ROUGE METRO AP,BATON ROUGE METRO AP,LA06,-91.14681,30.53782,83.5,62.0,72.75,-0.6,88.0,60.0,0.0,-0.0,16.0,-1.0,1.36,0.35,1.0100000000000002,1.36,2025-05-07,1.0,0,0
BATON ROUGE SHERWOOD,BATON ROUGE SHERWOOD,LA06,-91.0477,30.4494,-999.0,-999.0,-999.0,-999.0,-999.0,-999.0,-999.0,-999.0,-999.0,-999.0,2.94,0.41,2.53,2.75,2025-05-07,2.0,2,0
BATON ROUGE 0.5 ESE,BATON ROUGE 0.5 ESE,LA06,-91.11882,30.44638,-999.0,-999.0,-999.0,-999.0,-999.0,-999.0,-999.0,-999.0,-999.0,-999.0,2.95,-999.0,1001.95,2.56,2025-05-07,2.0,2,0
BATON ROUGE 3.5 E,BATON ROUGE 3.5 E,LA06,-91.06854,30.43927,-999.0,-999.0,-999.0,-999.0,-999.0,-999.0,-999.0,-999.0,-999.0,-999.0,3.04,-999.0,1002.04,2.75,2025-05-07,2.0,2,0
BATON ROUGE 6.2 SSE,BATON ROUGE 6.2 SSE,LA06,-91.08004,30.36857,-999.0,-999.0,-999.0,-999.0,-999.0,-999.0,-999.0,-999.0,-999.0,-999.0,3.48,-999.0,1002.48,3.19,2025-05-07,2.0,2,0
CENTRAL 2.2 SE,CENTRAL 2.2 SE,LA06,-91.00503,30.54407,-999.0,-999.0,-999.0,-999.0,-999.0,-999.0,-999.0,-999.0,-999.0,-999.0,2.95,0.4,2.5500000000000003,2.69,2025-05-07,2.0,2,0
CLINTON 0.2 NNW,CLINTON 0.2 NNW,LA06,-91.01631,30.86395,-999.0,-999.0,-999.0,-999.0,-999.0,-999.0,-999.0,-999.0,-999.0,-999.0,3.15,-999.0,1002.15,3.15,2025-05-07,1.0,2,0
COVINGTON 8 WNW,COVINGTON 8 WNW,LA06,-90.21471,30.52681,78.0,62.0,70.0,-1.6,80.0,60.0,0.0,-1.0,10.0,-4.0,3.96,0.34,3.62,3.18,2025-05-07,2.0,0,0
ABITA RIVER COVINGTON,ABITA RIVER COVINGTON,LA06,-90.0975,30.4586,-999.0,-999.0,-999.0,-999.0,-999.0,-999.0,-999.0,-999.0,-999.0,-999.0,4.43,0.39,4.04,3.85,2025-05-07,2.0,2,0
DENHAM SPRINGS 6.8 N,DENHAM SPRINGS 6.8 N,LA06,-90.96987,30.57709,-999.0,-999.0,-999.0,-999.0,-999.0,-999.0,-999.0,-999.0,-999.0,-999.0,3.02,0.4,2.62,2.7,2025-05-07,2.0,2,0
FSA-AMITE CITY 0.8 SW,FSA-AMITE CITY 0.8 SW,LA06,-90.52067,30.72602,-999.0,-999.0,-999.0,-999.0,-999.0,-999.0,-999.0,-999.0,-999.0,-999.0,3.29,-999.0,1002.29,3.29,2025-05-07,1.0,2,1
FSA-FRANKLINTON 0.6 WSW,FSA-FRANKLINTON 0.6 WSW,LA06,-90.15325,30.84705,-999.0,-999.0,-999.0,-999.0,-999.0,-999.0,-999.0,-999.0,-999.0,-999.0,3.46,-999.0,1002.46,3.21,2025-05-07,2.0,2,0
JACKSON 3.6 NNE,JACKSON 3.6 NNE,LA06,-91.18922,30.88248,-999.0,-999.0,-999.0,-999.0,-999.0,-999.0,-999.0,-999.0,-999.0,-999.0,2.52,-999.0,1001.52,2.39,2025-05-07,2.0,2,0
LACOMBE 1.4 N,LACOMBE 1.4 N,LA06,-89.9313,30.3282,-999.0,-999.0,-999.0,-999.0,-999.0,-999.0,-999.0,-999.0,-999.0,-999.0,3.33,0.33,3.0,2.69,2025-05-07,2.0,2,0
LIVINGSTON,LIVINGSTON,LA06,-90.7544,30.5197,-999.0,-999.0,-999.0,-999.0,-999.0,-999.0,-999.0,-999.0,-999.0,-999.0,4.31,0.41,3.8999999999999995,2.77,2025-05-07,2.0,2,0
LSU,LSU,LA06,-91.17857,30.41176,-999.0,-999.0,-999.0,-999.0,-999.0,-999.0,-999.0,-999.0,-999.0,-999.0,3.02,0.38,2.64,2.78,2025-05-07,2.0,2,0
NEW ROADS 5 NE,NEW ROADS 5 NE,LA06,-91.3672,30.7268,81.5,63.5,72.5,-1.25,85.0,63.0,0.0,-0.0,15.0,-3.0,1.32,0.33,0.99,1.31,2025-05-07,2.0,0,0
NORWOOD,NORWOOD,LA06,-91.1003,30.9678,-999.0,-999.0,-999.0,-999.0,-999.0,-999.0,-999.0,-999.0,-999.0,-999.0,2.52,0.29,2.23,2.39,2025-05-07,2.0,2,0
PONCHATOULA 4 E,PONCHATOULA 4 E,LA06,-90.36298,30.42971,-999.0,-999.0,-999.0,-999.0,-999.0,-999.0,-999.0,-999.0,-999.0,-999.0,3.59,0.37,3.2199999999999998,2.96,2025-05-07,2.0,2,0
PONCHATOULA 5.3 W,PONCHATOULA 5.3 W,LA06,-90.53245,30.43227,-999.0,-999.0,-999.0,-999.0,-999.0,-999.0,-999.0,-999.0,-999.0,-999.0,3.45,-999.0,1002.45,2.7,2025-05-07,2.0,2,0
PORT ALLEN,PORT ALLEN,LA06,-91.2183,30.4508,-999.0,-999.0,-999.0,-999.0,-999.0,-999.0,-999.0,-999.0,-999.0,-999.0,2.85,0.41,2.44,2.5,2025-05-07,2.0,2,0
SLIDELL,SLIDELL,LA06,-89.7697,30.265,82.5,68.0,75.25,3.1,85.0,66.0,0.0,-1.0,21.0,6.0,3.28,0.39,2.8899999999999997,2.59,2025-05-07,2.0,0,0
SLIDELL AP,SLIDELL AP,LA06,-89.82237,30.34355,78.0,62.5,70.25,-1.95,83.0,60.0,0.0,-1.0,11.0,-4.0,0.8,0.37,0.43000000000000005,0.8,2025-05-07,1.0,0,0
SLIDELL 4.4 E,SLIDELL 4.4 E,LA06,-89.70409,30.27505,-999.0,-999.0,-999.0,-999.0,-999.0,-999.0,-999.0,-999.0,-999.0,-999.0,0.78,0.39,0.39,0.78,2025-05-08,1.0,2,1
